Year_2017,Type,Q1_ABBV,Q2_ABBV,Q3_ABBV,Q4_ABBV,Q1_AEZS,Q2_AEZS,Q3_AEZS,Q4_AEZS,Q1_AFMD,Q2_AFMD,Q3_AFMD,Q4_AFMD,Q1_AGEN,Q2_AGEN,Q3_AGEN,Q4_AGEN,Q1_AGIO,Q2_AGIO,Q3_AGIO,Q4_AGIO,Q1_AGLE,Q2_AGLE,Q3_AGLE,Q4_AGLE,Q1_AGRX,Q2_AGRX,Q3_AGRX,Q4_AGRX,Q1_AGTC,Q2_AGTC,Q3_AGTC,Q4_AGTC,Q1_AIMT,Q2_AIMT,Q3_AIMT,Q4_AIMT,Q1_AKTX,Q2_AKTX,Q3_AKTX,Q4_AKTX,Q1_ALBO,Q2_ALBO,Q3_ALBO,Q4_ALBO,Q1_ALDR,Q2_ALDR,Q3_ALDR,Q4_ALDR,Q1_ALDX,Q2_ALDX,Q3_ALDX,Q4_ALDX,Q1_ALIM,Q2_ALIM,Q3_ALIM,Q4_ALIM,Q1_ALNY,Q2_ALNY,Q3_ALNY,Q4_ALNY,Q1_ALPN,Q2_ALPN,Q3_ALPN,Q4_ALPN,Q1_ALT,Q2_ALT,Q3_ALT,Q4_ALT,Q1_ALXN,Q2_ALXN,Q3_ALXN,Q4_ALXN,Q1_AMAG,Q2_AMAG,Q3_AMAG,Q4_AMAG,Q1_AMGN,Q2_AMGN,Q3_AMGN,Q4_AMGN,Q1_AMPE,Q2_AMPE,Q3_AMPE,Q4_AMPE,Q1_AMPH,Q2_AMPH,Q3_AMPH,Q4_AMPH,Q1_AMRN,Q2_AMRN,Q3_AMRN,Q4_AMRN,Q1_ANAB,Q2_ANAB,Q3_ANAB,Q4_ANAB,Q1_ANIK,Q2_ANIK,Q3_ANIK,Q4_ANIK,Q1_ANTH,Q2_ANTH,Q3_ANTH,Q4_ANTH,Q1_APHB,Q2_APHB,Q3_APHB,Q4_APHB
1 - Total Revenue,income,28216000.0,25638000.0,22859000.0,19960000.0,923.0,911.0,545.0,11.0,2414.0,6660.0,8215.0,4092.0,42877.0,22573.0,24817.0,6977.0,43011.0,69892.0,59119.0,65358.0,5205.0,4628.0,6085.0,0.0,0.0,0.0,0.0,0.0,24186.0,39473.0,47361.0,2354.0,0.0,0.0,0.0,0.0,0.0,0.0,0.0,0.0,1.0,11364.0,0.0,5099.0,1619.0,113.0,0.0,54705.0,0.0,0.0,0.0,0.0,35912.0,34333.0,22438.0,8423.0,89912.0,47159.0,41097.0,50561.0,1731.0,2950.0,492.0,0.0,10738.0,3236.0,10641.0,10190.0,3551100.0,3084100.0,2604000.0,2234000.0,609946.0,532091.0,418276.0,124384.0,22849000.0,22991000.0,21662000.0,20063000.0,0.0,0.0,0.0,0.0,240175.0,255165.0,251519.0,210461.0,181104.0,130084.0,81756.0,54202.0,10000.0,16684.0,17571.0,15838.0,113420.0,103379.0,92999.0,105595.0,0.0,145.0,3185.0,0.0,115.0,260.0,475.0,409.0
2 - Cost of Revenue,income,7040000.0,5833000.0,4500000.0,4426000.0,0.0,0.0,0.0,0.0,0.0,0.0,0.0,0.0,0.0,0.0,0.0,0.0,0.0,0.0,0.0,0.0,0.0,0.0,0.0,0.0,0.0,0.0,0.0,0.0,0.0,0.0,0.0,0.0,0.0,0.0,0.0,0.0,0.0,0.0,0.0,0.0,0.0,0.0,0.0,0.0,1619.0,113.0,0.0,0.0,0.0,0.0,0.0,0.0,3438.0,2344.0,1762.0,1442.0,0.0,0.0,0.0,0.0,0.0,0.0,0.0,0.0,0.0,0.0,0.0,0.0,454200.0,258300.0,233100.0,174000.0,183166.0,116889.0,88501.0,20306.0,4069000.0,4162000.0,4227000.0,4422000.0,0.0,0.0,0.0,0.0,149380.0,150976.0,174172.0,159205.0,44952.0,34363.0,27875.0,20485.0,0.0,0.0,0.0,0.0,27364.0,24027.0,21053.0,20930.0,0.0,0.0,0.0,0.0,0.0,0.0,0.0,0.0
3 - Gross Profit,income,21176000.0,19805000.0,18359000.0,15534000.0,923.0,911.0,545.0,11.0,2414.0,6660.0,8215.0,4092.0,42877.0,22573.0,24817.0,6977.0,43011.0,69892.0,59119.0,65358.0,5205.0,4628.0,6085.0,0.0,0.0,0.0,0.0,0.0,24186.0,39473.0,47361.0,2354.0,0.0,0.0,0.0,0.0,0.0,0.0,0.0,0.0,1.0,11364.0,0.0,5099.0,0.0,0.0,0.0,54705.0,0.0,0.0,0.0,0.0,32474.0,31989.0,20676.0,6981.0,89912.0,47159.0,41097.0,50561.0,1731.0,2950.0,492.0,0.0,10738.0,3236.0,10641.0,10190.0,3096900.0,2825800.0,2370900.0,2060000.0,426780.0,415202.0,329775.0,104078.0,18780000.0,18829000.0,17435000.0,15641000.0,0.0,0.0,0.0,0.0,90795.0,104189.0,77347.0,51256.0,136152.0,95721.0,53881.0,33717.0,10000.0,16684.0,17571.0,15838.0,86056.0,79352.0,71946.0,84665.0,0.0,145.0,3185.0,0.0,115.0,260.0,475.0,409.0
4 - Research and Development,income,4982000.0,4366000.0,4285000.0,3297000.0,10704.0,16495.0,17234.0,23716.0,25804.0,31832.0,23907.0,11610.0,116125.0,94971.0,70444.0,22349.0,292681.0,220163.0,141827.0,100371.0,22815.0,18143.0,11453.0,6830.0,14428.0,20929.0,25622.0,13365.0,32181.0,26217.0,39376.0,18118.0,89325.0,54642.0,19816.0,8181.0,23285.0,17306.0,5799.0,1276.0,12991.0,8077.0,3682.0,5634.0,252902.0,132760.0,69611.0,33439.0,16303.0,13176.0,7574.0,3708.0,12844.0,12375.0,14840.0,11811.0,390635.0,382392.0,276495.0,190249.0,10626.0,2989.0,422.0,12200.0,18406.0,7221.0,5134.0,9320.0,878400.0,757200.0,709500.0,514000.0,75017.0,66084.0,42878.0,24160.0,3562000.0,3840000.0,4070000.0,4297000.0,10421.0,10546.0,15112.0,22491.0,43415.0,41199.0,37271.0,28866.0,47158.0,49975.0,51062.0,50326.0,29443.0,15419.0,17304.0,8614.0,18787.0,10732.0,8987.0,8144.0,28494.0,46251.0,30860.0,21839.0,2881.0,5678.0,3992.0,5805.0
"5 - Sales, General and Admin.",income,6275000.0,5855000.0,6387000.0,8474000.0,13293.0,13892.0,18195.0,13690.0,9344.0,8626.0,7492.0,2378.0,30553.0,35079.0,35074.0,27949.0,71124.0,50714.0,35992.0,19120.0,10066.0,8391.0,5947.0,2074.0,12383.0,8792.0,7467.0,5150.0,14389.0,11354.0,10074.0,8768.0,43949.0,26885.0,16181.0,2951.0,11799.0,9941.0,24785.0,2330.0,11587.0,15581.0,10289.0,4191.0,38102.0,25098.0,16718.0,12462.0,6186.0,5520.0,4415.0,3563.0,33398.0,44694.0,42280.0,27458.0,199365.0,89354.0,60610.0,44526.0,6079.0,1149.0,441.0,2287.0,8458.0,7106.0,6222.0,10912.0,1135400.0,988700.0,926800.0,650000.0,259933.0,249870.0,160309.0,72254.0,5245000.0,5195000.0,4895000.0,5153000.0,5144.0,6536.0,9056.0,8957.0,50918.0,47298.0,46974.0,40373.0,134549.0,111372.0,101041.0,79346.0,9338.0,4290.0,3589.0,2354.0,21540.0,18013.0,14825.0,15074.0,7938.0,11071.0,7568.0,6620.0,7590.0,8413.0,6710.0,8714.0
6 - Non-Recurring Items,income,327000.0,200000.0,150000.0,352000.0,0.0,0.0,0.0,0.0,0.0,0.0,0.0,0.0,0.0,0.0,0.0,0.0,0.0,0.0,0.0,0.0,0.0,0.0,0.0,0.0,0.0,0.0,0.0,0.0,0.0,0.0,0.0,0.0,0.0,0.0,0.0,0.0,2700.0,0.0,0.0,0.0,0.0,0.0,0.0,0.0,0.0,0.0,0.0,0.0,0.0,0.0,0.0,0.0,0.0,0.0,0.0,0.0,0.0,0.0,0.0,220766.0,0.0,0.0,0.0,0.0,35920.0,0.0,2546.0,0.0,135600.0,90300.0,81300.0,27000.0,385091.0,20378.0,15368.0,11501.0,0.0,0.0,0.0,0.0,0.0,0.0,0.0,0.0,0.0,0.0,0.0,0.0,0.0,0.0,0.0,0.0,0.0,0.0,0.0,0.0,0.0,0.0,0.0,0.0,0.0,0.0,0.0,0.0,5800.0,9547.0,0.0,0.0
7 - Other Operating Items,income,0.0,0.0,0.0,0.0,0.0,0.0,0.0,0.0,0.0,0.0,0.0,0.0,0.0,0.0,0.0,0.0,0.0,0.0,0.0,0.0,0.0,0.0,0.0,0.0,0.0,0.0,0.0,0.0,0.0,0.0,0.0,0.0,0.0,0.0,0.0,0.0,0.0,0.0,0.0,0.0,0.0,0.0,0.0,0.0,0.0,0.0,0.0,0.0,0.0,0.0,0.0,0.0,2684.0,2767.0,2555.0,659.0,0.0,0.0,0.0,0.0,0.0,0.0,0.0,0.0,0.0,0.0,142.0,150.0,320100.0,322200.0,116600.0,0.0,0.0,0.0,0.0,0.0,0.0,0.0,0.0,0.0,0.0,0.0,0.0,0.0,0.0,0.0,0.0,0.0,0.0,0.0,0.0,0.0,0.0,0.0,0.0,0.0,0.0,0.0,0.0,0.0,0.0,0.0,0.0,0.0,0.0,0.0,0.0,0.0
8 - Operating Income,income,9592000.0,9384000.0,7537000.0,3411000.0,-23074.0,-29476.0,-34884.0,-37395.0,-32734.0,-33798.0,-23185.0,-9896.0,-103801.0,-107477.0,-80701.0,-43321.0,-320794.0,-200985.0,-118700.0,-54133.0,-27676.0,-21906.0,-11315.0,-8904.0,-26811.0,-29721.0,-33089.0,-18515.0,-22384.0,1902.0,-2089.0,-24532.0,-133274.0,-81527.0,-35997.0,-11132.0,-37784.0,-27247.0,-30585.0,-3606.0,-24577.0,-12294.0,-13971.0,-4726.0,-291004.0,-157858.0,-86329.0,8804.0,-22488.0,-18696.0,-11989.0,-7271.0,-16452.0,-27847.0,-38999.0,-32947.0,-500088.0,-424587.0,-296008.0,-404980.0,-14974.0,-1188.0,-371.0,-14487.0,-52045.0,-11092.0,-3403.0,-10191.0,627400.0,667400.0,536700.0,869000.0,-293261.0,78870.0,111220.0,-3837.0,9973000.0,9794000.0,8470000.0,6191000.0,-15565.0,-17082.0,-24168.0,-31448.0,-895.0,15692.0,-6898.0,-17983.0,-45555.0,-65626.0,-98222.0,-95955.0,-28781.0,-3025.0,-3322.0,4870.0,45729.0,50607.0,48134.0,61447.0,-36432.0,-57177.0,-35243.0,-28459.0,-16156.0,-23378.0,-10227.0,-14110.0
9 - Add'l income/expense items,income,-861000.0,-535000.0,-206000.0,-651000.0,2799.0,4517.0,-15344.0,20319.0,0.0,0.0,0.0,0.0,1977.0,-2202.0,-5968.0,2096.0,6124.0,2514.0,968.0,203.0,440.0,208.0,20.0,-1443.0,425.0,351.0,-1141.0,351.0,1176.0,905.0,708.0,214.0,2005.0,703.0,181.0,12.0,2385.0,9106.0,11294.0,0.0,335.0,-2675.0,268.0,-320.0,2768.0,1789.0,859.0,104.0,261.0,102.0,11.0,2328.0,193.0,23.0,13177.0,-699.0,9214.0,14479.0,5935.0,4376.0,7143.0,22.0,2.0,674.0,144.0,43.0,78.0,508.0,18800.0,5700.0,9200.0,6000.0,-8451.0,3338.0,-18125.0,1192.0,928000.0,629000.0,603000.0,465000.0,-36327.0,-1038.0,60.0,143.0,5987.0,278.0,-2479.0,444.0,503.0,7922.0,112.0,55329.0,486.0,-776.0,-1484.0,-57.0,473.0,263.0,120.0,58.0,9558.0,1654.0,23.0,-96.0,2016.0,3984.0,9638.0,37219.0
10 - Earnings Before Interest and Tax,income,8731000.0,8849000.0,7331000.0,2760000.0,-20275.0,-24959.0,-50228.0,-17076.0,-36316.0,-34041.0,-21986.0,-514.0,-101824.0,-109679.0,-86669.0,-41225.0,-314670.0,-198471.0,-117732.0,-53930.0,-27236.0,-21698.0,-11295.0,-10347.0,-26386.0,-29370.0,-34230.0,-18164.0,-21208.0,2807.0,-1381.0,-24318.0,-131269.0,-80824.0,-35816.0,-11120.0,-35399.0,-18141.0,-19290.0,-3620.0,-24202.0,-16288.0,-13703.0,-5046.0,-288236.0,-156069.0,-85470.0,8908.0,-22227.0,-18594.0,-11978.0,-4943.0,-16259.0,-27824.0,-25822.0,-33646.0,-490874.0,-410108.0,-290073.0,-400604.0,-7831.0,-1166.0,-369.0,-14191.0,-51902.0,-11048.0,-3379.0,-9894.0,646200.0,673100.0,545900.0,875000.0,-301712.0,82208.0,93095.0,-2645.0,10901000.0,10423000.0,9073000.0,6656000.0,-51892.0,-19164.0,-24108.0,-31305.0,2449.0,15970.0,-9377.0,-17539.0,-45052.0,-57704.0,-98110.0,-40626.0,-28295.0,-3801.0,-4806.0,4813.0,46202.0,50870.0,48254.0,61505.0,-26874.0,-55523.0,-35220.0,-28555.0,-14140.0,-19394.0,-589.0,23109.0
11 - Interest Expense,income,1004000.0,965000.0,686000.0,391000.0,0.0,0.0,0.0,0.0,0.0,0.0,0.0,0.0,18868.0,17316.0,6599.0,1262.0,0.0,0.0,0.0,0.0,0.0,0.0,0.0,0.0,1918.0,2446.0,2077.0,1566.0,0.0,0.0,0.0,0.0,0.0,0.0,0.0,0.0,0.0,0.0,26027.0,0.0,0.0,0.0,0.0,1722.0,0.0,0.0,0.0,0.0,113.0,106.0,112.0,244.0,5579.0,5178.0,4693.0,2090.0,0.0,0.0,0.0,0.0,152.0,0.0,0.0,845.0,162.0,38.0,0.0,0.0,98400.0,96900.0,47800.0,3000.0,68382.0,73153.0,53251.0,14697.0,1304000.0,1260000.0,1095000.0,1071000.0,0.0,0.0,0.0,0.0,826.0,1024.0,987.0,609.0,9766.0,18677.0,20180.0,18575.0,1775.0,458.0,460.0,1281.0,0.0,0.0,0.0,0.0,0.0,0.0,0.0,1049.0,0.0,0.0,0.0,0.0
12 - Earnings Before Tax,income,7727000.0,7884000.0,6645000.0,2369000.0,-20275.0,-24959.0,-50228.0,-17076.0,-36316.0,-34041.0,-21986.0,-514.0,-120692.0,-126995.0,-93268.0,-42486.0,-314670.0,-198471.0,-117732.0,-53930.0,-27236.0,-21698.0,-11295.0,-10347.0,-28304.0,-31816.0,-36307.0,-19730.0,-21208.0,2807.0,-1381.0,-24318.0,-131269.0,-80824.0,-35816.0,-11120.0,-35399.0,-18141.0,-45318.0,-3620.0,-24202.0,-16288.0,-13703.0,-6768.0,-288236.0,-156069.0,-85470.0,8908.0,-22341.0,-18699.0,-12090.0,-5187.0,-21838.0,-33002.0,-30515.0,-35736.0,-490874.0,-410108.0,-290073.0,-400604.0,-7983.0,-1166.0,-369.0,-15036.0,-52064.0,-11087.0,-3379.0,-9894.0,547800.0,576200.0,498100.0,872000.0,-370094.0,9055.0,39844.0,-17342.0,9597000.0,9163000.0,7978000.0,5585000.0,-51892.0,-19164.0,-24108.0,-31305.0,1623.0,14946.0,-10364.0,-18148.0,-54818.0,-76381.0,-118290.0,-59201.0,-30070.0,-4259.0,-5266.0,3532.0,46202.0,50870.0,48254.0,61505.0,-26874.0,-55523.0,-35220.0,-29604.0,-14140.0,-19394.0,-589.0,23109.0
13 - Income Tax,income,2418000.0,1931000.0,1501000.0,595000.0,-3479.0,0.0,0.0,111.0,-24.0,-61.0,0.0,-201.0,0.0,0.0,-5387.0,0.0,0.0,0.0,0.0,-426.0,0.0,0.0,0.0,0.0,0.0,-3075.0,-5972.0,-3653.0,72.0,2400.0,0.0,0.0,56.0,0.0,0.0,0.0,0.0,0.0,0.0,0.0,212.0,62.0,52.0,0.0,0.0,0.0,0.0,0.0,0.0,0.0,0.0,0.0,163.0,172.0,130.0,174.0,0.0,0.0,0.0,-40209.0,-200.0,66.0,0.0,0.0,-5638.0,0.0,62.0,62.0,104500.0,176800.0,353700.0,215000.0,-170866.0,11538.0,7065.0,-153159.0,7618000.0,1441000.0,1039000.0,427000.0,0.0,0.0,0.0,0.0,-2885.0,4414.0,-7577.0,-7449.0,13047.0,9969.0,-3086.0,-2837.0,0.0,0.0,139.0,0.0,14386.0,18323.0,17496.0,23186.0,0.0,0.0,0.0,0.0,-1302.0,-556.0,-73.0,0.0
14 - Minority Interest,income,0.0,0.0,0.0,0.0,0.0,0.0,0.0,0.0,0.0,0.0,0.0,0.0,0.0,0.0,0.0,0.0,0.0,0.0,0.0,0.0,0.0,0.0,0.0,0.0,0.0,0.0,0.0,0.0,0.0,0.0,0.0,0.0,0.0,0.0,0.0,0.0,0.0,0.0,0.0,0.0,0.0,0.0,0.0,0.0,0.0,0.0,0.0,0.0,0.0,0.0,0.0,0.0,0.0,0.0,0.0,0.0,0.0,0.0,0.0,0.0,0.0,0.0,0.0,0.0,0.0,0.0,0.0,0.0,0.0,0.0,0.0,0.0,0.0,0.0,0.0,0.0,0.0,0.0,0.0,0.0,0.0,0.0,1704.0,923.0,0.0,0.0,0.0,0.0,0.0,0.0,0.0,0.0,0.0,0.0,0.0,0.0,0.0,0.0,0.0,0.0,0.0,0.0,0.0,0.0,0.0,0.0,0.0,0.0
15 - Equity Earnings/Loss Unconsolidated Subsidiary,income,0.0,0.0,0.0,0.0,0.0,0.0,0.0,0.0,0.0,0.0,0.0,0.0,0.0,0.0,0.0,0.0,0.0,0.0,0.0,0.0,0.0,0.0,0.0,0.0,0.0,0.0,0.0,0.0,-20.0,0.0,0.0,0.0,0.0,0.0,0.0,0.0,0.0,0.0,0.0,0.0,0.0,0.0,0.0,0.0,-643.0,-185.0,0.0,0.0,0.0,0.0,0.0,0.0,0.0,0.0,0.0,0.0,0.0,0.0,0.0,0.0,0.0,0.0,0.0,0.0,0.0,0.0,0.0,0.0,0.0,0.0,0.0,0.0,0.0,0.0,0.0,0.0,0.0,0.0,0.0,0.0,0.0,-1043.0,0.0,0.0,0.0,0.0,0.0,0.0,0.0,0.0,0.0,0.0,0.0,0.0,0.0,0.0,0.0,0.0,0.0,0.0,0.0,0.0,0.0,0.0,0.0,0.0,0.0,0.0
16 - Net Income-Cont. Operations,income,5309000.0,5953000.0,5144000.0,1774000.0,-16796.0,-24959.0,-50228.0,-17187.0,-36292.0,-33980.0,-21986.0,-313.0,-120692.0,-126995.0,-87881.0,-42486.0,-314670.0,-198471.0,-117732.0,-53504.0,-27236.0,-21698.0,-11295.0,-10347.0,-28304.0,-28741.0,-31371.0,-16077.0,-21300.0,407.0,-1381.0,-24318.0,-131325.0,-80824.0,-35816.0,-11120.0,-35399.0,-18141.0,-45318.0,-3620.0,-24414.0,-16350.0,-13755.0,-6768.0,-288879.0,-156254.0,-85470.0,8908.0,-22341.0,-18699.0,-12090.0,-5187.0,-22001.0,-35738.0,-30645.0,-36350.0,-490874.0,-410108.0,-290073.0,-360395.0,-7783.0,-1232.0,-369.0,-14658.0,-46425.0,-11087.0,-3441.0,-9955.0,443300.0,399400.0,144400.0,657000.0,-199228.0,-2483.0,32779.0,135817.0,1979000.0,7722000.0,6939000.0,5158000.0,-51892.0,-19164.0,-24108.0,-31305.0,4508.0,10532.0,-2787.0,-10699.0,-67865.0,-86350.0,-113890.0,-18330.0,-30070.0,-4259.0,-5405.0,3532.0,31816.0,32547.0,30758.0,38319.0,-26874.0,-55523.0,-35220.0,-29604.0,-12838.0,-18838.0,-516.0,23109.0
17 - Net Income,income,5309000.0,5953000.0,5144000.0,1774000.0,-16796.0,-24959.0,-50143.0,-16564.0,-36292.0,-33980.0,-21986.0,-313.0,-120692.0,-126995.0,-87881.0,-42486.0,-314670.0,-198471.0,-117732.0,-53504.0,-27236.0,-21698.0,-11295.0,-10347.0,-28304.0,-28741.0,-30335.0,-16077.0,-21300.0,407.0,-1381.0,-24318.0,-131325.0,-80824.0,-35816.0,-11120.0,-35399.0,-18141.0,-45318.0,-3620.0,-24414.0,-16350.0,-13755.0,-6768.0,-288879.0,-156254.0,-85470.0,8908.0,-22341.0,-18699.0,-12090.0,-5187.0,-22001.0,-33174.0,-30645.0,-35910.0,-490874.0,-410108.0,-290073.0,-360395.0,-7783.0,-1232.0,-369.0,-14658.0,-46425.0,-11087.0,-3441.0,-9955.0,443300.0,399400.0,144400.0,657000.0,-199228.0,-2483.0,32779.0,135817.0,1979000.0,7722000.0,6939000.0,5158000.0,-51892.0,-19164.0,-32010.0,-38125.0,4508.0,10532.0,-2787.0,-10699.0,-67865.0,-86350.0,-115204.0,-56364.0,-30070.0,-4259.0,-5405.0,3532.0,31816.0,32547.0,30758.0,38319.0,-26874.0,-55523.0,-35220.0,-29604.0,-12838.0,-18838.0,-516.0,23109.0
18 - Net Income Applicable to Common Shareholders,income,5309000.0,5953000.0,5144000.0,1774000.0,-16796.0,-24959.0,-50143.0,-16564.0,-36292.0,-33980.0,-21986.0,-313.0,-120898.0,-127199.0,-88084.0,-42690.0,-314670.0,-198471.0,-117732.0,-53504.0,-27236.0,-21698.0,-11523.0,-10347.0,-28304.0,-28741.0,-30335.0,-16077.0,-21300.0,407.0,-1381.0,-24318.0,-131325.0,-80824.0,-35816.0,-11120.0,-35399.0,-18141.0,-45318.0,-3620.0,-24414.0,-16350.0,-13755.0,-6768.0,-288879.0,-156254.0,-85470.0,8908.0,-22341.0,-18699.0,-12090.0,-9574.0,-22001.0,-33174.0,-30645.0,-36660.0,-490874.0,-410108.0,-290073.0,-360395.0,-7783.0,-1232.0,-369.0,-14658.0,-51355.0,-11455.0,-3441.0,-9955.0,443300.0,399400.0,144400.0,657000.0,-199228.0,-2483.0,32779.0,135817.0,1979000.0,7722000.0,6939000.0,5158000.0,-51892.0,-19164.0,-32010.0,-38125.0,4508.0,10532.0,-2787.0,-10699.0,-67865.0,-86350.0,-149059.0,-56364.0,-30070.0,-4259.0,-5405.0,232.0,31816.0,32547.0,30758.0,38319.0,-29377.0,-66437.0,-35220.0,-29604.0,-12838.0,-24276.0,-10794.0,21824.0
1 - Cash and Cash Equivalents,balance,9303000.0,5100000.0,8399000.0,8348000.0,7780.0,21999.0,41450.0,34931.0,47837.0,37346.0,83363.0,48069.0,60187.0,71448.0,136703.0,25715.0,102724.0,160754.0,71764.0,14031.0,12817.0,47748.0,29374.0,2656.0,35952.0,48750.0,34395.0,40182.0,31065.0,30706.0,28868.0,39187.0,73487.0,124010.0,76677.0,2269.0,28107.0,34099.0,68920.0,7657.0,53231.0,29931.0,28705.0,5120.0,76896.0,116216.0,206492.0,46795.0,20023.0,12015.0,14649.0,8527.0,24101.0,31010.0,31112.0,76697.0,645361.0,193617.0,180895.0,75179.0,8000.0,11819.0,24991.0,27812.0,12304.0,2876.0,15570.0,18643.0,584400.0,966000.0,1010000.0,943999.0,192114.0,274305.0,228705.0,119296.0,3800000.0,3241000.0,4144000.0,3731000.0,8209.0,4895.0,15998.0,50321.0,69749.0,73744.0,67359.0,69323.0,74237.0,98851.0,107561.0,120139.0,81189.0,51232.0,51684.0,22188.0,133256.0,104261.0,110707.0,100156.0,2196.0,20843.0,46951.0,2639.0,5132.0,5711.0,9370.0,6581.0
2 - Short-Term Investments,balance,486000.0,1323000.0,8000.0,26000.0,0.0,0.0,0.0,0.0,0.0,0.0,0.0,0.0,0.0,4989.0,34965.0,14510.0,321212.0,380560.0,245238.0,328034.0,37482.0,15754.0,3768.0,0.0,0.0,0.0,0.0,0.0,73840.0,95994.0,69664.0,22454.0,108943.0,124921.0,115158.0,0.0,0.0,10022.0,0.0,0.0,0.0,0.0,0.0,0.0,199344.0,235651.0,98680.0,9077.0,22923.0,12898.0,12942.0,0.0,0.0,0.0,0.0,0.0,1045257.0,424185.0,848217.0,526929.0,73240.0,0.0,62263.0,0.0,0.0,0.0,0.0,0.0,889700.0,327400.0,375000.0,1017567.0,136593.0,304781.0,237626.0,24890.0,37878000.0,34844000.0,27238000.0,23295000.0,11.0,123.0,0.0,0.0,2635.0,527.0,0.0,0.0,0.0,0.0,0.0,0.0,167218.0,0.0,0.0,0.0,24000.0,20500.0,27751.0,6750.0,0.0,0.0,0.0,0.0,0.0,0.0,0.0,0.0
3 - Net Receivables,balance,5088000.0,4758000.0,4730000.0,4631000.0,221.0,365.0,598.0,867.0,1323.0,2378.0,994.0,1136.0,1134.0,11352.0,9800.0,463.0,3839.0,8314.0,11599.0,12667.0,3078.0,1215.0,1697.0,0.0,0.0,0.0,0.0,0.0,210.0,174.0,954.0,883.0,0.0,0.0,0.0,0.0,0.0,0.0,10.0,175.0,726.0,370.0,0.0,1474.0,0.0,0.0,0.0,113.0,0.0,0.0,0.0,0.0,11435.0,13839.0,9799.0,850.0,34002.0,23334.0,8298.0,39937.0,0.0,0.0,0.0,0.0,10168.0,1191.0,1475.0,408.0,726500.0,649600.0,533000.0,432888.0,103501.0,92375.0,86106.0,74784.0,3237000.0,3165000.0,2995000.0,2546000.0,0.0,0.0,38.0,0.0,42032.0,26799.0,33471.0,42658.0,45318.0,19985.0,13826.0,8776.0,1601.0,5343.0,1226.0,1455.0,23825.0,27598.0,21652.0,17152.0,0.0,0.0,326.0,0.0,0.0,0.0,125.0,100.0
4 - Inventory,balance,1605000.0,1444000.0,1719000.0,1124000.0,643.0,0.0,0.0,0.0,289.0,208.0,248.0,241.0,79.0,88.0,88.0,96.0,0.0,0.0,0.0,0.0,0.0,0.0,0.0,0.0,0.0,0.0,0.0,0.0,0.0,0.0,0.0,0.0,0.0,0.0,0.0,0.0,0.0,0.0,0.0,0.0,0.0,0.0,0.0,0.0,0.0,936.0,0.0,0.0,0.0,0.0,0.0,0.0,1508.0,446.0,1552.0,1734.0,0.0,0.0,0.0,0.0,0.0,0.0,0.0,0.0,0.0,0.0,0.0,0.0,460400.0,374700.0,290000.0,176441.0,37356.0,37258.0,40645.0,40610.0,2834000.0,2745000.0,2435000.0,2647000.0,0.0,0.0,0.0,0.0,63609.0,79754.0,70665.0,82332.0,30260.0,20507.0,18985.0,13733.0,0.0,0.0,0.0,0.0,22035.0,15983.0,14938.0,12407.0,0.0,0.0,0.0,0.0,0.0,0.0,0.0,0.0
5 - Other Current Assets,balance,4741000.0,3562000.0,1458000.0,1952000.0,737.0,379.0,346.0,419.0,961.0,10551.0,491.0,0.0,12153.0,3435.0,2539.0,1888.0,17486.0,10264.0,8728.0,4814.0,1614.0,1707.0,3447.0,74.0,762.0,2768.0,3690.0,804.0,4009.0,3361.0,3089.0,1608.0,6681.0,2749.0,5622.0,106.0,706.0,1513.0,728.0,0.0,1054.0,560.0,130.0,346.0,11014.0,40380.0,17029.0,4758.0,1019.0,219.0,498.0,233.0,2278.0,2107.0,2696.0,3234.0,40120.0,30741.0,67978.0,104322.0,1308.0,36.0,432.0,630.0,994.0,420.0,182.0,199.0,292900.0,260500.0,208000.0,225134.0,12304.0,9839.0,13592.0,14456.0,1727000.0,2015000.0,1703000.0,2494000.0,222.0,385.0,13192.0,939.0,9753.0,3272.0,4439.0,3683.0,3455.0,6983.0,3152.0,2633.0,2688.0,1633.0,554.0,758.0,3211.0,2098.0,1385.0,1371.0,995.0,1865.0,585.0,383.0,253.0,602.0,521.0,339.0
6 - Total Current Assets,balance,21223000.0,16187000.0,16314000.0,16081000.0,9381.0,22743.0,42394.0,36217.0,50410.0,50483.0,85096.0,49446.0,73554.0,91312.0,184095.0,42670.0,445261.0,559892.0,337329.0,359546.0,54991.0,66424.0,38286.0,2730.0,36714.0,51518.0,38085.0,40986.0,109124.0,130235.0,102575.0,64132.0,189111.0,251680.0,197457.0,2375.0,28813.0,45634.0,69658.0,7832.0,55011.0,30861.0,28835.0,6940.0,287254.0,393183.0,322201.0,60743.0,43966.0,25131.0,28088.0,8760.0,39322.0,47402.0,45159.0,82515.0,1764740.0,671877.0,1105388.0,746367.0,82548.0,11855.0,87686.0,28442.0,23466.0,4487.0,17227.0,19251.0,2953900.0,2578200.0,2416000.0,2796029.0,481868.0,718558.0,606674.0,274036.0,49476000.0,46010000.0,38515000.0,34713000.0,8443.0,5402.0,29228.0,51259.0,187778.0,184096.0,175934.0,197996.0,153270.0,146326.0,143524.0,145281.0,252696.0,58208.0,53464.0,24401.0,206327.0,170440.0,176433.0,137836.0,3191.0,22708.0,47862.0,3022.0,5385.0,6313.0,10016.0,7020.0
7 - Long-Term Investments,balance,2090000.0,1783000.0,145000.0,92000.0,0.0,0.0,0.0,0.0,0.0,0.0,0.0,0.0,0.0,0.0,0.0,0.0,143814.0,32250.0,58905.0,125382.0,0.0,0.0,0.0,0.0,0.0,0.0,0.0,0.0,1980.0,13749.0,74183.0,24109.0,0.0,33602.0,7992.0,0.0,0.0,0.0,0.0,0.0,0.0,0.0,0.0,0.0,222.0,865.0,75840.0,0.0,0.0,0.0,0.0,0.0,0.0,0.0,0.0,0.0,13919.0,324799.0,251839.0,279821.0,0.0,0.0,0.0,0.0,0.0,0.0,0.0,0.0,0.0,0.0,0.0,0.0,0.0,0.0,0.0,0.0,0.0,0.0,0.0,0.0,0.0,0.0,0.0,0.0,0.0,0.0,0.0,0.0,0.0,0.0,0.0,0.0,75897.0,0.0,0.0,0.0,0.0,0.0,0.0,0.0,0.0,0.0,0.0,0.0,0.0,0.0,0.0,0.0
8 - Fixed Assets,balance,2803000.0,2604000.0,2565000.0,2485000.0,101.0,204.0,256.0,797.0,1337.0,867.0,994.0,1179.0,26179.0,25634.0,15311.0,5997.0,24431.0,25337.0,23220.0,6386.0,854.0,599.0,348.0,162.0,13863.0,12330.0,12318.0,12046.0,5254.0,2661.0,2627.0,478.0,17205.0,10391.0,2702.0,87.0,56.0,58.0,41.0,0.0,178.0,21.0,0.0,34.0,5630.0,7076.0,1974.0,1160.0,43.0,56.0,80.0,13.0,1410.0,1787.0,2553.0,1653.0,181900.0,114572.0,27812.0,21740.0,1089.0,740.0,223.0,101.0,603.0,178.0,234.0,326.0,1325400.0,1035600.0,697000.0,392248.0,25996.0,24460.0,28725.0,1519.0,4989000.0,4961000.0,4907000.0,5223000.0,6838.0,7980.0,9188.0,9945.0,185339.0,152944.0,142161.0,138289.0,28.0,78.0,243.0,381.0,665.0,471.0,551.0,579.0,56183.0,52296.0,40108.0,31669.0,482.0,763.0,263.0,468.0,816.0,1072.0,1131.0,1220.0
9 - Goodwill,balance,15785000.0,15416000.0,13168000.0,5862000.0,8613.0,7553.0,7836.0,8687.0,0.0,0.0,0.0,0.0,23049.0,22392.0,22793.0,17869.0,0.0,0.0,0.0,0.0,0.0,0.0,0.0,0.0,0.0,0.0,0.0,0.0,0.0,0.0,0.0,0.0,0.0,0.0,0.0,0.0,0.0,0.0,0.0,0.0,17260.0,18110.0,0.0,0.0,0.0,0.0,0.0,0.0,0.0,0.0,0.0,0.0,0.0,0.0,0.0,0.0,0.0,0.0,0.0,0.0,0.0,0.0,0.0,0.0,0.0,18758.0,2348.0,2348.0,5037400.0,5037400.0,5048000.0,254073.0,639484.0,639484.0,639188.0,205824.0,14761000.0,14751000.0,14787000.0,14788000.0,0.0,0.0,0.0,0.0,0.0,0.0,0.0,0.0,0.0,0.0,0.0,0.0,0.0,0.0,0.0,0.0,8218.0,7214.0,7482.0,8339.0,0.0,0.0,0.0,0.0,0.0,0.0,7562.0,7562.0
10 - Intangible Assets,balance,27559000.0,28897000.0,19709000.0,1513000.0,90.0,70.0,237.0,352.0,78.0,58.0,78.0,87.0,14407.0,16365.0,18760.0,6774.0,0.0,0.0,0.0,0.0,0.0,0.0,0.0,0.0,0.0,0.0,0.0,0.0,968.0,1219.0,1321.0,1448.0,0.0,0.0,0.0,0.0,0.0,0.0,0.0,0.0,0.0,150.0,34.0,0.0,0.0,0.0,0.0,0.0,0.0,0.0,0.0,0.0,18664.0,20604.0,22549.0,24490.0,0.0,0.0,0.0,0.0,1453.0,0.0,0.0,0.0,38722.0,14955.0,0.0,0.0,3954400.0,4303100.0,4708000.0,587046.0,704470.0,1092178.0,1196771.0,887908.0,8609000.0,10279000.0,11641000.0,12693000.0,0.0,0.0,0.0,664.0,45140.0,50307.0,39901.0,42565.0,8126.0,8772.0,9417.0,10063.0,0.0,0.0,0.0,0.0,10635.0,10227.0,11656.0,14895.0,0.0,0.0,0.0,0.0,4937.0,10768.0,12784.0,12815.0
11 - Other Assets,balance,1326000.0,1212000.0,1149000.0,1480000.0,531.0,1089.0,775.0,1382.0,0.0,0.0,0.0,0.0,1214.0,1283.0,1270.0,1217.0,891.0,1615.0,611.0,590.0,232.0,40.0,20.0,38.0,18.0,18.0,18.0,1696.0,1206.0,59.0,91.0,7.0,618.0,3116.0,4210.0,69.0,181.0,182.0,195.0,0.0,775.0,518.0,0.0,0.0,10030.0,8030.0,12.0,2456.0,0.0,0.0,0.0,0.0,0.0,0.0,0.0,0.0,34171.0,151562.0,1471.0,0.0,132.0,0.0,0.0,0.0,239.0,22.0,53.0,53.0,312200.0,299000.0,228000.0,172566.0,1418.0,3746.0,4852.0,19646.0,2119000.0,1625000.0,1599000.0,1592000.0,34.0,214.0,12003.0,8400.0,8663.0,9390.0,4696.0,3588.0,174.0,741.0,174.0,2826.0,106.0,60.0,60.0,85.0,1254.0,69.0,69.0,69.0,0.0,0.0,0.0,0.0,0.0,0.0,0.0,0.0
12 - Deferred Asset Charges,balance,0.0,0.0,0.0,0.0,3479.0,0.0,0.0,0.0,0.0,0.0,0.0,0.0,0.0,0.0,0.0,0.0,0.0,0.0,0.0,0.0,0.0,0.0,0.0,0.0,0.0,0.0,0.0,98.0,0.0,0.0,0.0,0.0,0.0,0.0,0.0,0.0,0.0,0.0,0.0,0.0,0.0,0.0,0.0,0.0,0.0,0.0,0.0,0.0,166.0,0.0,36.0,14.0,528.0,436.0,223.0,0.0,0.0,0.0,0.0,31667.0,0.0,0.0,0.0,0.0,0.0,0.0,0.0,0.0,0.0,0.0,0.0,0.0,0.0,0.0,0.0,0.0,0.0,0.0,0.0,0.0,0.0,0.0,0.0,0.0,27745.0,31001.0,27444.0,6932.0,0.0,11082.0,19872.0,12556.0,0.0,3441.0,2205.0,0.0,0.0,0.0,0.0,0.0,0.0,0.0,0.0,0.0,0.0,0.0,0.0,0.0
13 - Total Assets,balance,70786000.0,66099000.0,53050000.0,27513000.0,22195.0,31659.0,51498.0,47435.0,51825.0,51408.0,86168.0,50712.0,138402.0,156986.0,242228.0,74527.0,614397.0,619094.0,420065.0,491904.0,56077.0,67063.0,38654.0,2930.0,50595.0,63866.0,50421.0,54826.0,118532.0,147923.0,180797.0,90174.0,206934.0,298789.0,212361.0,2531.0,29050.0,45874.0,69894.0,7832.0,73224.0,49660.0,28869.0,6974.0,303136.0,409154.0,400027.0,64359.0,44175.0,25188.0,28205.0,8787.0,59924.0,70229.0,70484.0,108658.0,1994730.0,1262810.0,1386510.0,1079595.0,85222.0,12595.0,87909.0,28543.0,63030.0,38400.0,19862.0,21978.0,13583300.0,13253300.0,13097000.0,4201962.0,1853236.0,2478426.0,2476210.0,1388933.0,79954000.0,77626000.0,71449000.0,69009000.0,15315.0,13596.0,50419.0,70268.0,454665.0,427738.0,390136.0,389370.0,161598.0,166999.0,173230.0,171107.0,329364.0,62180.0,56280.0,25065.0,282617.0,240246.0,235748.0,192808.0,3673.0,23471.0,48125.0,3490.0,11138.0,18153.0,31493.0,28617.0
14 - Accounts Payable,balance,10226000.0,9379000.0,8463000.0,6954000.0,2987.0,3745.0,4172.0,5799.0,5019.0,5614.0,4828.0,4549.0,29656.0,33303.0,18654.0,7212.0,56798.0,49108.0,30744.0,25087.0,5609.0,3894.0,2523.0,1058.0,3636.0,5694.0,5040.0,3693.0,8100.0,7160.0,7845.0,4642.0,26573.0,11348.0,4981.0,1737.0,6767.0,4052.0,4729.0,1231.0,7455.0,8520.0,1879.0,4542.0,23274.0,25798.0,12310.0,4874.0,3237.0,2222.0,2038.0,1250.0,9487.0,8744.0,7913.0,7975.0,100558.0,96583.0,45585.0,70458.0,575.0,363.0,4419.0,2415.0,3754.0,4978.0,1770.0,1587.0,710200.0,572100.0,460000.0,439248.0,185825.0,159692.0,111269.0,87394.0,7868000.0,6801000.0,6417000.0,6508000.0,3819.0,2075.0,2690.0,3535.0,60880.0,55251.0,46520.0,39070.0,84057.0,43782.0,35058.0,24912.0,7198.0,5707.0,4413.0,1467.0,13073.0,8799.0,17278.0,5973.0,4711.0,10624.0,8330.0,4751.0,1968.0,2735.0,2140.0,1624.0
15 - Short-Term Debt / Current Portion of Long-Term Debt,balance,6415000.0,402000.0,2431000.0,4439000.0,0.0,0.0,0.0,0.0,3702.0,1026.0,1599.0,0.0,20640.0,146.0,146.0,1257.0,0.0,0.0,0.0,0.0,0.0,0.0,0.0,0.0,10607.0,5104.0,2336.0,5003.0,0.0,0.0,0.0,0.0,0.0,0.0,0.0,0.0,0.0,0.0,0.0,0.0,0.0,3075.0,0.0,2514.0,0.0,0.0,0.0,0.0,116.0,78.0,78.0,78.0,184.0,379.0,32020.0,2500.0,0.0,0.0,0.0,0.0,995.0,0.0,0.0,0.0,50.0,459.0,16.0,925.0,167400.0,167000.0,166000.0,48000.0,0.0,21166.0,17500.0,34000.0,1152000.0,4403000.0,2247000.0,500000.0,0.0,0.0,0.0,0.0,6312.0,5366.0,10934.0,7594.0,22829.0,31295.0,14742.0,15394.0,6875.0,0.0,0.0,0.0,0.0,0.0,0.0,0.0,0.0,0.0,0.0,0.0,0.0,803.0,0.0,0.0
16 - Other Current Liabilities,balance,0.0,0.0,0.0,0.0,2782.0,459.0,2253.0,1775.0,276.0,79.0,3289.0,2977.0,6142.0,7402.0,10134.0,760.0,38143.0,39325.0,22144.0,36002.0,20.0,71.0,0.0,0.0,29.0,172.0,406.0,296.0,6295.0,20996.0,46898.0,0.0,26.0,102.0,117.0,67.0,5081.0,7663.0,16396.0,0.0,474.0,1113.0,192.0,1226.0,92.0,92.0,62.0,135.0,0.0,0.0,0.0,0.0,0.0,0.0,0.0,0.0,43693.0,35116.0,16514.0,24876.0,325.0,2041.0,0.0,0.0,36.0,34.0,393.0,70.0,74900.0,83800.0,83000.0,119492.0,91893.0,132019.0,117152.0,45094.0,0.0,0.0,0.0,0.0,60.0,60.0,2825.0,145.0,0.0,0.0,2501.0,15931.0,1644.0,1172.0,923.0,0.0,17.0,1.0,2963.0,10214.0,0.0,0.0,0.0,0.0,0.0,0.0,138.0,1000.0,0.0,0.0,245.0,244.0
17 - Total Current Liabilities,balance,16641000.0,9781000.0,10894000.0,11393000.0,5769.0,4204.0,6425.0,7574.0,8998.0,6720.0,9716.0,7525.0,56438.0,40851.0,28934.0,9229.0,94941.0,88433.0,52888.0,61089.0,5629.0,3965.0,2523.0,1058.0,14272.0,10970.0,7782.0,8992.0,14395.0,28156.0,54743.0,4642.0,26599.0,11450.0,5098.0,1804.0,11848.0,11715.0,21125.0,1231.0,7929.0,12708.0,2071.0,8282.0,23366.0,25890.0,12372.0,5009.0,3354.0,2299.0,2115.0,1328.0,9671.0,9123.0,39933.0,10475.0,144251.0,131699.0,62099.0,95334.0,1895.0,2404.0,4419.0,2415.0,3840.0,5471.0,2179.0,2582.0,952500.0,822900.0,709000.0,606740.0,277718.0,312877.0,245921.0,166488.0,9020000.0,11204000.0,8664000.0,7008000.0,3878.0,2135.0,5515.0,3680.0,67192.0,60617.0,59955.0,62595.0,108530.0,76249.0,50723.0,40306.0,14090.0,5708.0,7376.0,11681.0,13073.0,8799.0,17278.0,5973.0,4711.0,10624.0,8468.0,5751.0,1968.0,3538.0,2385.0,1868.0
18 - Long-Term Debt,balance,30953000.0,36440000.0,29240000.0,10538000.0,0.0,0.0,0.0,0.0,4907.0,3815.0,3372.0,4713.0,142385.0,130542.0,114326.0,4769.0,0.0,0.0,0.0,0.0,0.0,0.0,0.0,0.0,0.0,10607.0,12896.0,9828.0,0.0,0.0,0.0,0.0,0.0,0.0,0.0,0.0,0.0,0.0,0.0,0.0,0.0,0.0,0.0,6913.0,0.0,0.0,0.0,0.0,1220.0,1239.0,1211.0,1175.0,34568.0,33358.0,3397.0,48417.0,30000.0,150000.0,0.0,0.0,4039.0,113.0,0.0,0.0,0.0,0.0,492.0,629.0,3063600.0,3121500.0,3405000.0,116599.0,734683.0,965355.0,974418.0,461346.0,34190000.0,30193000.0,29182000.0,30215000.0,45076.0,4239.0,0.0,0.0,40844.0,32356.0,30165.0,36106.0,99826.0,85155.0,236416.0,218863.0,7553.0,13809.0,4903.0,4793.0,0.0,0.0,0.0,0.0,0.0,0.0,0.0,0.0,292.0,2443.0,1499.0,5826.0
19 - Other Liabilities,balance,15605000.0,8352000.0,3695000.0,3681000.0,19154.0,20769.0,22971.0,24568.0,0.0,0.0,0.0,0.0,7646.0,12374.0,13175.0,34500.0,0.0,0.0,0.0,0.0,111.0,132.0,27.0,0.0,0.0,0.0,0.0,0.0,4345.0,0.0,0.0,0.0,2530.0,1367.0,1012.0,56.0,48.0,56.0,49.0,787.0,42.0,0.0,359.0,0.0,0.0,0.0,0.0,0.0,0.0,0.0,0.0,0.0,766.0,2162.0,834.0,247.0,4347.0,3067.0,1301.0,0.0,0.0,0.0,0.0,0.0,4575.0,722.0,542.0,493.0,309100.0,219600.0,195000.0,169559.0,2277.0,53889.0,129369.0,223527.0,10337000.0,3918000.0,3281000.0,2547000.0,0.0,0.0,6347.0,0.0,7939.0,4055.0,3167.0,989.0,1150.0,710.0,335.0,386.0,0.0,3241.0,1549.0,569.0,660.0,2126.0,781.0,894.0,4457.0,0.0,0.0,0.0,0.0,0.0,0.0,12418.0
20 - Deferred Liability Charges,balance,2490000.0,6890000.0,5276000.0,159000.0,55.0,474.0,487.0,809.0,0.0,0.0,0.0,0.0,7748.0,12345.0,15066.0,3010.0,143953.0,172070.0,22059.0,6449.0,0.0,0.0,0.0,0.0,0.0,0.0,0.0,0.0,610.0,4438.0,16766.0,0.0,0.0,0.0,0.0,0.0,0.0,0.0,0.0,0.0,0.0,0.0,0.0,0.0,495.0,481.0,138.0,193.0,0.0,0.0,0.0,0.0,0.0,0.0,0.0,0.0,49701.0,57823.0,58396.0,47994.0,371.0,0.0,0.0,0.0,5938.0,0.0,0.0,0.0,365000.0,395500.0,529000.0,7046.0,48314.0,211916.0,194238.0,77619.0,1166000.0,2436000.0,2239000.0,3461000.0,537.0,588.0,630.0,1130.0,1361.0,1455.0,1339.0,7820.0,17192.0,13943.0,13308.0,0.0,140.0,154.0,115.0,2029.0,5393.0,6548.0,6841.0,7843.0,0.0,0.0,0.0,0.0,1147.0,2449.0,3005.0,3078.0
21 - Misc. Stocks,balance,0.0,0.0,0.0,0.0,0.0,0.0,0.0,0.0,0.0,0.0,0.0,0.0,0.0,0.0,0.0,0.0,0.0,0.0,0.0,0.0,0.0,0.0,58311.0,13345.0,0.0,0.0,0.0,0.0,0.0,0.0,0.0,0.0,0.0,0.0,0.0,0.0,0.0,0.0,0.0,0.0,0.0,0.0,0.0,520.0,0.0,0.0,0.0,0.0,0.0,0.0,0.0,0.0,0.0,0.0,0.0,0.0,0.0,0.0,0.0,0.0,0.0,11535.0,0.0,41880.0,0.0,0.0,0.0,0.0,0.0,0.0,0.0,0.0,0.0,0.0,0.0,0.0,0.0,0.0,0.0,0.0,0.0,0.0,0.0,0.0,0.0,0.0,0.0,0.0,0.0,0.0,0.0,0.0,0.0,77516.0,77516.0,36828.0,0.0,0.0,0.0,0.0,0.0,0.0,0.0,0.0,0.0,0.0,0.0,0.0
22 - Minority Interest,balance,0.0,0.0,0.0,0.0,0.0,0.0,0.0,0.0,0.0,0.0,0.0,0.0,0.0,0.0,0.0,0.0,0.0,0.0,0.0,0.0,0.0,0.0,0.0,0.0,0.0,0.0,0.0,0.0,0.0,0.0,0.0,0.0,0.0,0.0,0.0,0.0,0.0,0.0,0.0,0.0,0.0,0.0,0.0,0.0,0.0,0.0,0.0,0.0,0.0,0.0,0.0,0.0,0.0,0.0,0.0,0.0,0.0,0.0,0.0,0.0,0.0,0.0,0.0,0.0,0.0,0.0,0.0,0.0,0.0,0.0,0.0,0.0,0.0,0.0,0.0,0.0,0.0,0.0,0.0,0.0,0.0,0.0,928.0,-660.0,0.0,0.0,0.0,0.0,0.0,0.0,0.0,0.0,0.0,0.0,0.0,0.0,0.0,0.0,0.0,0.0,0.0,0.0,0.0,0.0,0.0,0.0,0.0,0.0
23 - Total Liabilities,balance,65689000.0,61463000.0,49105000.0,25771000.0,24978.0,25447.0,29883.0,32951.0,13904.0,10535.0,13088.0,12238.0,214218.0,196112.0,171501.0,51508.0,238894.0,260503.0,74947.0,67538.0,5740.0,4097.0,60861.0,14403.0,14272.0,21577.0,20678.0,18820.0,19350.0,32594.0,71509.0,4642.0,29129.0,12817.0,6110.0,1860.0,11896.0,11771.0,21174.0,2018.0,7971.0,12708.0,2430.0,15715.0,23861.0,26371.0,12510.0,5202.0,4574.0,3538.0,3326.0,2503.0,45005.0,44643.0,44164.0,59139.0,228299.0,342589.0,121796.0,143328.0,6305.0,14052.0,4419.0,44295.0,14353.0,6193.0,3213.0,3704.0,4690200.0,4559500.0,4838000.0,899944.0,1062992.0,1544037.0,1543946.0,928980.0,54713000.0,47751000.0,43366000.0,43231000.0,49491.0,6961.0,13419.0,4150.0,117336.0,98483.0,94626.0,107510.0,226698.0,176057.0,300782.0,259555.0,21783.0,100428.0,91459.0,55900.0,19126.0,17473.0,24900.0,14710.0,9168.0,10624.0,8468.0,5751.0,3407.0,8430.0,6889.0,23190.0
24 - Common Stocks,balance,18000.0,18000.0,17000.0,16000.0,222335.0,213980.0,204596.0,150544.0,562.0,351.0,362.0,290.0,1017.0,878.0,864.0,627.0,49.0,42.0,38.0,37.0,2.0,1.0,0.0,811.0,3.0,3.0,2.0,2.0,18.0,18.0,18.0,16.0,5.0,5.0,4.0,0.0,22928.0,18341.0,18341.0,675.0,89.0,63.0,21.0,50.0,7.0,5.0,4.0,3.0,19.0,13.0,10.0,6.0,691.0,649.0,450.0,443.0,997.0,859.0,851.0,772.0,14.0,0.0,15.0,2.0,2.0,1.0,6.0,6.0,0.0,0.0,0.0,20.0,341.0,343.0,347.0,256.0,30992000.0,30784000.0,30649000.0,30410000.0,8.0,6.0,5.0,5.0,5.0,5.0,5.0,4.0,208768.0,207166.0,149978.0,143113.0,24.0,3.0,3.0,2.0,147.0,146.0,150.0,149.0,14.0,6.0,40.0,23.0,95.0,16.0,59.0,40.0
25 - Capital Surplus,balance,14270000.0,13678000.0,13080000.0,4194000.0,88772.0,88590.0,87508.0,86639.0,0.0,0.0,0.0,0.0,951812.0,866854.0,851104.0,715668.0,1174904.0,842013.0,630078.0,591334.0,122950.0,108246.0,1373.0,0.0,258092.0,235754.0,194468.0,170396.0,210139.0,204937.0,199303.0,174168.0,443390.0,420151.0,259668.0,1260.0,104800.0,90979.0,87019.0,25681.0,114522.0,61338.0,288469.0,0.0,946869.0,761456.0,610390.0,196082.0,139242.0,98938.0,83479.0,52790.0,341622.0,330781.0,299376.0,292851.0,3947552.0,2609614.0,2506197.0,1843362.0,88346.0,144.0,232309.0,110265.0,121656.0,71035.0,240367.0,238781.0,8290300.0,7957000.0,7727000.0,2592167.0,1271628.0,1238031.0,1233786.0,793757.0,0.0,0.0,0.0,0.0,170804.0,159732.0,170999.0,168108.0,313891.0,283123.0,247829.0,220745.0,977866.0,964914.0,816171.0,738890.0,393017.0,16672.0,15482.0,14422.0,68617.0,61735.0,81685.0,77540.0,428586.0,411404.0,391648.0,314527.0,401842.0,391067.0,375177.0,365403.0
26 - Retained Earnings,balance,5459000.0,4378000.0,2248000.0,535000.0,-314161.0,-298059.0,-271621.0,-222322.0,-219349.0,-160791.0,-130605.0,-120992.0,-1026476.0,-905329.0,-779187.0,-691306.0,-798061.0,-483151.0,-284680.0,-166948.0,-72513.0,-45277.0,-23579.0,-12284.0,-221772.0,-193468.0,-164727.0,-134392.0,-110926.0,-89626.0,-90033.0,-88652.0,-265482.0,-134157.0,-53333.0,-17517.0,-110337.0,-74938.0,-56797.0,-20542.0,-50359.0,-25945.0,-262051.0,-9595.0,-667509.0,-378630.0,-222376.0,-136906.0,-99642.0,-77301.0,-58602.0,-46512.0,-399075.0,-377074.0,-343900.0,-313255.0,-2147685.0,-1656811.0,-1246703.0,-956630.0,-9384.0,-1601.0,-148837.0,-126019.0,-77685.0,-31259.0,-223724.0,-220283.0,2242100.0,1817600.0,1181000.0,1036010.0,-477817.0,-300147.0,-297664.0,-330443.0,-5072000.0,-438000.0,-2086000.0,-4624000.0,-204989.0,-153078.0,-133915.0,-101905.0,76235.0,70855.0,60323.0,63110.0,-1271869.0,-1204004.0,-1117654.0,-970234.0,-85034.0,-54923.0,-50664.0,-45259.0,199511.0,168209.0,135662.0,104904.0,-434428.0,-407554.0,-352031.0,-316811.0,-394206.0,-381360.0,-362522.0,-362006.0
27 - Treasury Stock,balance,-11923000.0,-10852000.0,-8839000.0,-972000.0,0.0,0.0,0.0,0.0,0.0,0.0,0.0,0.0,0.0,0.0,0.0,0.0,0.0,0.0,0.0,0.0,0.0,0.0,0.0,0.0,0.0,0.0,0.0,0.0,-49.0,0.0,0.0,0.0,0.0,0.0,0.0,0.0,0.0,0.0,0.0,0.0,0.0,0.0,0.0,0.0,0.0,0.0,0.0,0.0,0.0,0.0,0.0,0.0,0.0,0.0,0.0,0.0,0.0,0.0,0.0,0.0,0.0,0.0,0.0,0.0,0.0,0.0,0.0,0.0,-1604900.0,-1141300.0,-711000.0,-382964.0,0.0,0.0,0.0,0.0,0.0,0.0,0.0,0.0,0.0,0.0,0.0,0.0,-50702.0,-20032.0,-10172.0,-345.0,-4229.0,-1498.0,-411.0,-217.0,0.0,0.0,0.0,0.0,0.0,0.0,0.0,0.0,0.0,0.0,0.0,0.0,0.0,0.0,0.0,0.0
28 - Other Equity,balance,-2727000.0,-2586000.0,-2561000.0,-2031000.0,271.0,1701.0,1132.0,-377.0,256707.0,201312.0,203323.0,159175.0,-2169.0,-1530.0,-2053.0,-1970.0,-1389.0,-313.0,-318.0,-57.0,-102.0,-4.0,-1.0,0.0,0.0,0.0,0.0,0.0,0.0,0.0,0.0,0.0,-108.0,-27.0,-88.0,0.0,-236.0,-280.0,156.0,0.0,1001.0,1496.0,0.0,804.0,-92.0,-48.0,-501.0,-22.0,-18.0,0.0,-8.0,0.0,2886.0,2435.0,1599.0,685.0,-34433.0,-33441.0,4369.0,48763.0,-59.0,0.0,3.0,0.0,-4577.0,-7575.0,0.0,-230.0,-34400.0,60500.0,62000.0,56785.0,-3908.0,-3838.0,-4205.0,-3617.0,-679000.0,-471000.0,-480000.0,-8000.0,0.0,-25.0,-91.0,-91.0,-2100.0,-4696.0,-2475.0,-1654.0,0.0,0.0,0.0,0.0,-426.0,0.0,0.0,0.0,-4784.0,-7317.0,-6649.0,-4495.0,0.0,0.0,0.0,0.0,0.0,0.0,0.0,0.0
29 - Total Equity,balance,5097000.0,4636000.0,3945000.0,1742000.0,-2783.0,6212.0,21615.0,14484.0,37920.0,40873.0,73080.0,38474.0,-75816.0,-39126.0,70728.0,23018.0,375503.0,358591.0,345118.0,424366.0,50337.0,62966.0,-22207.0,-11473.0,36323.0,42289.0,29743.0,36006.0,99182.0,115329.0,109288.0,85532.0,177805.0,285972.0,206251.0,671.0,17154.0,34103.0,48720.0,5814.0,65253.0,36952.0,26439.0,-8741.0,279275.0,382783.0,387517.0,59157.0,39601.0,21650.0,24878.0,6284.0,14919.0,25586.0,26320.0,49519.0,1766431.0,920221.0,1264714.0,936267.0,78917.0,-1457.0,83490.0,-15752.0,39396.0,32207.0,16649.0,18274.0,8893100.0,8693800.0,8259000.0,3302018.0,790244.0,934389.0,932264.0,459953.0,25241000.0,29875000.0,28083000.0,25778000.0,-34177.0,6634.0,36999.0,66118.0,337329.0,329255.0,295510.0,281860.0,-65100.0,-9058.0,-127552.0,-88448.0,307581.0,-38248.0,-35179.0,-30835.0,263491.0,222773.0,210848.0,178098.0,-5495.0,12470.0,39657.0,-2261.0,7731.0,9723.0,12714.0,3437.0
30 - Total Liabilities &amp; Equity,balance,70786000.0,66099000.0,53050000.0,27513000.0,22195.0,31659.0,51498.0,47435.0,51824.0,51408.0,86168.0,50712.0,138402.0,156986.0,242228.0,74527.0,614397.0,619094.0,420065.0,491904.0,56077.0,67063.0,38654.0,2930.0,50595.0,63866.0,50421.0,54826.0,118532.0,147923.0,180797.0,90174.0,206934.0,298789.0,212361.0,2531.0,29050.0,45874.0,69894.0,7832.0,73224.0,49660.0,28869.0,6974.0,303136.0,409154.0,400027.0,64359.0,44175.0,25188.0,28205.0,8787.0,59924.0,70229.0,70484.0,108658.0,1994730.0,1262810.0,1386510.0,1079595.0,85222.0,12595.0,87909.0,28543.0,53748.0,38400.0,19862.0,21978.0,13583300.0,13253300.0,13097000.0,4201962.0,1853236.0,2478426.0,2476210.0,1388933.0,79954000.0,77626000.0,71449000.0,69009000.0,15315.0,13596.0,50419.0,70268.0,454665.0,427738.0,390136.0,389370.0,161598.0,166999.0,173230.0,171107.0,329364.0,62180.0,56280.0,25065.0,282617.0,240246.0,235748.0,192808.0,3673.0,23094.0,48125.0,3490.0,11138.0,18153.0,19603.0,26627.0
1 - Net Income,cashflow,5309000.0,5953000.0,5144000.0,1774000.0,-16796.0,-24959.0,-50143.0,-16564.0,-36292.0,-33980.0,-21986.0,-313.0,-120692.0,-126995.0,-87881.0,-42486.0,-314670.0,-198471.0,-117732.0,-53504.0,-27236.0,-21698.0,-11295.0,-10347.0,-28304.0,-28741.0,-30335.0,-16077.0,-21300.0,407.0,-1381.0,-24318.0,-131325.0,-80824.0,-35816.0,-11120.0,-35399.0,-18141.0,-45318.0,-3620.0,-24414.0,-16350.0,-13755.0,-6768.0,-288879.0,-156254.0,-85470.0,8908.0,-22341.0,-18699.0,-12090.0,-5187.0,-22001.0,-33174.0,-30645.0,-35910.0,-490874.0,-410108.0,-290073.0,-360395.0,-7783.0,-1232.0,-369.0,-14658.0,-46425.0,-11087.0,-3441.0,-9955.0,443300.0,399400.0,144400.0,657000.0,-199228.0,-2483.0,32779.0,135817.0,1979000.0,7722000.0,6939000.0,5158000.0,-51892.0,-19164.0,-32010.0,-38125.0,4508.0,10532.0,-2787.0,-10699.0,-67865.0,-86350.0,-115204.0,-56364.0,-30070.0,-4259.0,-5405.0,3532.0,31816.0,32547.0,30758.0,38319.0,-26874.0,-55523.0,-35220.0,-29604.0,-12838.0,-18838.0,-516.0,23109.0
2 - Depreciation,cashflow,1501000.0,1189000.0,836000.0,786000.0,-364.0,-65.0,93.0,3518.0,421.0,389.0,365.0,534.0,6006.0,4948.0,1958.0,1584.0,6421.0,6481.0,3881.0,1905.0,324.0,233.0,91.0,19.0,23.0,19.0,18.0,12.0,1260.0,1314.0,1015.0,534.0,1477.0,1453.0,439.0,29.0,42.0,40.0,3041.0,2.0,198.0,1079.0,81.0,792.0,3001.0,1674.0,751.0,701.0,187.0,329.0,55.0,152.0,4100.0,3805.0,3391.0,1125.0,13367.0,15130.0,19050.0,11926.0,241.0,69.0,1.0,796.0,139.0,135.0,142.0,150.0,496700.0,396400.0,166600.0,47000.0,170235.0,112615.0,82634.0,15934.0,1955000.0,2105000.0,2108000.0,2092000.0,1538.0,1358.0,969.0,455.0,15436.0,14564.0,13252.0,14611.0,3040.0,8566.0,9070.0,6707.0,183.0,233.0,274.0,308.0,4290.0,3734.0,3775.0,4706.0,281.0,266.0,285.0,789.0,374.0,369.0,330.0,158.0
3 - Net Income Adjustments,cashflow,3141000.0,1588000.0,1051000.0,1777000.0,-3905.0,-2987.0,19601.0,-15245.0,5869.0,3921.0,1212.0,-15498.0,26940.0,31687.0,32122.0,8675.0,47838.0,42086.0,31996.0,11506.0,2495.0,1175.0,1555.0,2967.0,4175.0,4137.0,4701.0,1298.0,5715.0,5653.0,5643.0,2820.0,16719.0,12641.0,6157.0,77.0,2947.0,-5073.0,32638.0,-192.0,-1158.0,3220.0,431.0,320.0,22974.0,13499.0,6156.0,1252.0,2715.0,2760.0,2187.0,-290.0,4730.0,4757.0,-7918.0,5406.0,97623.0,70058.0,46767.0,212229.0,-5676.0,77.0,17.0,-226.0,37380.0,3483.0,589.0,1286.0,346100.0,427100.0,779400.0,-222000.0,132236.0,78415.0,34162.0,-144123.0,-667000.0,526000.0,-431000.0,356000.0,37235.0,3717.0,15016.0,14979.0,18683.0,13095.0,5244.0,1521.0,25042.0,14301.0,9420.0,-46601.0,6374.0,2022.0,1994.0,1495.0,7063.0,4033.0,2423.0,-6826.0,-5264.0,4995.0,3541.0,3175.0,3729.0,7210.0,-9437.0,-35283.0
4 - Accounts Receivable,cashflow,-391000.0,-71000.0,-1076000.0,-172000.0,0.0,0.0,0.0,0.0,1496.0,-1275.0,37.0,77.0,10218.0,-1550.0,-9332.0,1.0,4146.0,3614.0,-2773.0,-8350.0,-1863.0,482.0,-1697.0,0.0,0.0,0.0,0.0,0.0,-36.0,780.0,409.0,-876.0,0.0,0.0,0.0,0.0,0.0,0.0,0.0,-161.0,-311.0,1104.0,0.0,-1338.0,0.0,0.0,113.0,203.0,0.0,0.0,0.0,0.0,2610.0,-4096.0,-8919.0,-444.0,-10668.0,-15036.0,31639.0,-35689.0,0.0,0.0,0.0,0.0,-1949.0,131.0,-1067.0,3219.0,-55200.0,-122100.0,-115800.0,-28000.0,-14978.0,-9478.0,-32823.0,-651.0,-58000.0,-214000.0,-420000.0,136000.0,0.0,38.0,-38.0,206.0,-8102.0,6377.0,-11012.0,1210.0,-25333.0,-6171.0,-5984.0,-4197.0,3742.0,-4117.0,229.0,-1455.0,2674.0,-6201.0,-4996.0,898.0,0.0,326.0,-326.0,0.0,0.0,0.0,-25.0,-92.0
5 - Changes in Inventories,cashflow,93000.0,-38000.0,-434000.0,-203000.0,0.0,0.0,0.0,0.0,-53.0,33.0,-32.0,-71.0,9.0,0.0,8.0,-96.0,0.0,0.0,0.0,0.0,0.0,0.0,0.0,0.0,0.0,0.0,0.0,0.0,0.0,0.0,0.0,0.0,0.0,0.0,0.0,0.0,0.0,0.0,0.0,0.0,0.0,0.0,0.0,0.0,936.0,-936.0,0.0,0.0,0.0,0.0,0.0,0.0,-1052.0,1000.0,-386.0,-992.0,0.0,0.0,0.0,0.0,0.0,0.0,0.0,0.0,0.0,0.0,0.0,0.0,-88200.0,-83800.0,-88400.0,-67000.0,-2331.0,-2355.0,-5237.0,-1360.0,133000.0,-80000.0,481000.0,327000.0,0.0,0.0,0.0,0.0,18650.0,-9715.0,9775.0,6565.0,-9753.0,-1522.0,-5252.0,12958.0,0.0,0.0,0.0,0.0,-6521.0,-1738.0,-2939.0,-1974.0,0.0,0.0,0.0,0.0,0.0,0.0,0.0,0.0
6 - Other Operating Activities,cashflow,-118000.0,-393000.0,511000.0,-220000.0,-2212.0,-1064.0,-3395.0,-1873.0,-478.0,-68.0,-490.0,0.0,-10782.0,-2806.0,-12241.0,-940.0,-9259.0,-1349.0,12037.0,813.0,-114.0,-924.0,-586.0,-112.0,2006.0,922.0,-1209.0,-2335.0,-1903.0,-240.0,-1562.0,261.0,-1435.0,3967.0,-9698.0,10.0,807.0,-786.0,914.0,0.0,-712.0,-31.0,132.0,-282.0,37380.0,-31001.0,-9872.0,-4920.0,-800.0,279.0,-265.0,-224.0,-67.0,556.0,405.0,206.0,-20711.0,-3131.0,-6446.0,-3888.0,-1430.0,120.0,-10.0,-380.0,-6351.0,-385.0,5.0,-5.0,-137200.0,-97500.0,-57200.0,-18000.0,-1508.0,4065.0,-1213.0,3487.0,-24000.0,-128000.0,155000.0,-1000.0,-32.0,39.0,267.0,-542.0,-16653.0,4458.0,-770.0,2344.0,6595.0,-4398.0,-88.0,2961.0,-1885.0,-1079.0,204.0,-489.0,-1454.0,-898.0,89.0,585.0,870.0,-1280.0,-202.0,-26.0,381.0,247.0,-182.0,-42.0
7 - Liabilities,cashflow,425000.0,-1187000.0,1503000.0,-193000.0,0.0,0.0,0.0,0.0,-1642.0,-2906.0,759.0,2508.0,-5923.0,14756.0,28192.0,-4973.0,-19719.0,186201.0,-4358.0,-11723.0,1779.0,1892.0,950.0,138.0,-2460.0,362.0,1347.0,2599.0,-16256.0,-38915.0,66867.0,2094.0,14959.0,6149.0,3228.0,1227.0,4.0,-664.0,3759.0,-1479.0,-1169.0,2194.0,567.0,2528.0,-2029.0,13331.0,7089.0,-53801.0,1016.0,184.0,802.0,774.0,-1194.0,2053.0,-1292.0,6308.0,28477.0,35386.0,9923.0,10176.0,-1924.0,-2831.0,5181.0,398.0,-3008.0,1370.0,557.0,-3168.0,110100.0,166800.0,-153800.0,271000.0,23482.0,65443.0,-14321.0,2310.0,7859000.0,423000.0,899000.0,884000.0,1744.0,-615.0,-400.0,571.0,6687.0,-751.0,-3021.0,5500.0,35437.0,3759.0,24017.0,9528.0,2218.0,-1830.0,-6990.0,11212.0,2944.0,-7029.0,10801.0,4270.0,-5913.0,2297.0,1015.0,65.0,-838.0,406.0,49.0,-422.0
8 - Net Cash Flow-Operating,cashflow,9960000.0,7041000.0,7535000.0,3549000.0,-22913.0,-29010.0,-33844.0,-31082.0,-30680.0,-33886.0,-20135.0,-12762.0,-94225.0,-79961.0,-47175.0,-38235.0,-285232.0,38562.0,-76949.0,-59353.0,-24615.0,-18840.0,-10982.0,-7335.0,-24560.0,-23301.0,-25478.0,-14503.0,-32520.0,-31001.0,70991.0,-19485.0,-99605.0,-56614.0,-35690.0,-9777.0,-31599.0,-24625.0,-4966.0,-5450.0,-27566.0,-8784.0,-12544.0,-4748.0,-226617.0,-159687.0,-81233.0,-47657.0,-19223.0,-15148.0,-9312.0,-4776.0,-12874.0,-25099.0,-45364.0,-24301.0,-382786.0,-307701.0,-189140.0,-165641.0,-16572.0,-3797.0,4820.0,-14448.0,-20214.0,-6353.0,-3216.0,-8474.0,1115600.0,1086300.0,675200.0,640000.0,107908.0,246222.0,95981.0,11414.0,11177000.0,10354000.0,9731000.0,8952000.0,-11408.0,-14625.0,-26444.0,-30741.0,39209.0,38560.0,10681.0,21052.0,-32837.0,-71815.0,-84021.0,-74608.0,-19438.0,-9030.0,-9694.0,14603.0,40812.0,24448.0,39911.0,39978.0,-36900.0,-48919.0,-30907.0,-25601.0,-9192.0,-10606.0,-9781.0,-12572.0
9 - Capital Expenditures,cashflow,-529000.0,-479000.0,-532000.0,-612000.0,-4.0,-66.0,-26.0,-127.0,-751.0,-251.0,-270.0,-315.0,-3120.0,-12520.0,-3591.0,-2820.0,-4627.0,-9915.0,-20164.0,-2216.0,-619.0,-212.0,-208.0,-181.0,-1313.0,-31.0,-290.0,-96.0,-662.0,-739.0,-2471.0,-225.0,-6425.0,-7665.0,-1708.0,-56.0,-37.0,-55.0,-11.0,0.0,-190.0,-3.0,0.0,0.0,-2050.0,-6619.0,-1223.0,-649.0,-25.0,-12.0,-86.0,-14.0,-238.0,-186.0,-451.0,-842.0,-104209.0,-64557.0,-12950.0,-8961.0,-586.0,-782.0,-7.0,-4.0,-112.0,-125.0,-87.0,-92.0,-357300.0,-332700.0,-286300.0,-137000.0,-8988.0,-5460.0,-1259.0,-44.0,-664000.0,-738000.0,-594000.0,-718000.0,-72.0,-7.0,-110.0,-8668.0,-35099.0,-21382.0,-15996.0,-20499.0,-12.0,-21.0,-28.0,0.0,-290.0,-50.0,-238.0,-145.0,-8980.0,-14014.0,-9225.0,-1553.0,0.0,-766.0,-80.0,0.0,-58.0,-279.0,-210.0,-1202.0
10 - Investments,cashflow,563000.0,-2956000.0,48000.0,308000.0,0.0,0.0,0.0,0.0,0.0,0.0,0.0,0.0,5064.0,30116.0,-20459.0,-14508.0,-53281.0,-109435.0,148473.0,-331691.0,-21910.0,-11944.0,-3766.0,0.0,0.0,0.0,0.0,0.0,33818.0,33702.0,-98212.0,18215.0,48987.0,-36231.0,-123561.0,0.0,10022.0,-10022.0,0.0,0.0,0.0,0.0,0.0,0.0,36430.0,-61106.0,-166044.0,-9085.0,-10173.0,-213.0,-12950.0,0.0,0.0,0.0,0.0,0.0,-186152.0,207148.0,-308371.0,-514853.0,-60347.0,0.0,0.0,0.0,0.0,0.0,0.0,0.0,-561100.0,46200.0,635000.0,-85000.0,167708.0,-67244.0,-215793.0,159821.0,-3193000.0,-7677000.0,-4421000.0,-4982000.0,0.0,0.0,-16300.0,-5400.0,-1995.0,-527.0,0.0,0.0,0.0,0.0,0.0,0.0,-242768.0,0.0,0.0,0.0,-3500.0,7251.0,-21001.0,-6750.0,0.0,0.0,0.0,0.0,0.0,0.0,0.0,0.0
11 - Other Investing Activities,cashflow,-308000.0,-2639000.0,-12452000.0,-622000.0,311.0,-248.0,939.0,66.0,10417.0,-9399.0,-30.0,-46.0,120.0,0.0,-7182.0,514.0,0.0,0.0,0.0,571.0,0.0,80.0,-40.0,-40.0,0.0,0.0,0.0,0.0,-141.0,-152.0,-121.0,-98.0,0.0,0.0,40.0,-40.0,0.0,10.0,1402.0,0.0,4500.0,25483.0,404.0,0.0,0.0,5.0,0.0,0.0,0.0,0.0,0.0,0.0,0.0,0.0,0.0,-25000.0,0.0,0.0,0.0,-25000.0,31130.0,0.0,0.0,0.0,13838.0,-96.0,8.0,8.0,100.0,-1100.0,-3933900.0,-1000.0,-55800.0,0.0,-681989.0,-592719.0,-167000.0,-243000.0,-532000.0,-52000.0,0.0,0.0,-1666.0,-111.0,-1661.0,-17592.0,-929.0,-19274.0,0.0,0.0,0.0,0.0,0.0,0.0,0.0,5.0,0.0,0.0,0.0,0.0,0.0,0.0,0.0,10000.0,0.0,0.0,0.0,0.0
12 - Net Cash Flows-Investing,cashflow,-274000.0,-6074000.0,-12936000.0,-926000.0,307.0,-314.0,913.0,-61.0,9667.0,-9650.0,-301.0,-361.0,2064.0,17596.0,-31232.0,-16813.0,-57908.0,-119350.0,128309.0,-333336.0,-22529.0,-12076.0,-4014.0,-221.0,-1313.0,-31.0,-290.0,-96.0,33015.0,32811.0,-100804.0,17892.0,42562.0,-43896.0,-125229.0,-96.0,9985.0,-10067.0,1392.0,0.0,4310.0,25480.0,404.0,0.0,34380.0,-67720.0,-167267.0,-9734.0,-10198.0,-225.0,-13036.0,-14.0,-238.0,-186.0,-451.0,-25842.0,-290361.0,142591.0,-321321.0,-548814.0,-29803.0,-782.0,-7.0,-4.0,13726.0,-221.0,-79.0,-84.0,-918300.0,-287600.0,-3585200.0,-223000.0,102920.0,-72704.0,-899041.0,-432942.0,-4024000.0,-8658000.0,-5547000.0,-5752000.0,-72.0,-7.0,-18077.0,-14179.0,-38755.0,-39501.0,-16925.0,-39773.0,-12.0,-21.0,-28.0,0.0,-243058.0,-50.0,-238.0,-140.0,-12480.0,-6763.0,-30226.0,-8303.0,0.0,-766.0,-80.0,10000.0,-58.0,-279.0,-210.0,-1202.0
13 - Sale and Purchase of Stock,cashflow,-1156000.0,-5765000.0,-7431000.0,-433000.0,8030.0,9924.0,49427.0,24358.0,25774.0,-105.0,58115.0,49454.0,66019.0,2684.0,111645.0,57044.0,285110.0,169778.0,6373.0,335160.0,12213.0,49370.0,41674.0,5575.0,18687.0,37862.0,19923.0,49811.0,-93.0,28.0,19494.0,32157.0,6520.0,147843.0,235327.0,191.0,15672.0,0.0,69574.0,13103.0,48893.0,9769.0,0.0,0.0,162917.0,137110.0,408206.0,80982.0,37595.0,12739.0,28506.0,10055.0,5902.0,26714.0,1219.0,85878.0,1244891.0,27832.0,616177.0,736465.0,37688.0,10975.0,610.0,29937.0,13035.0,5063.0,973.0,18825.0,-377700.0,-393500.0,-245700.0,-189000.0,-16122.0,-16115.0,422883.0,34119.0,-3160000.0,-2965000.0,-1867000.0,48000.0,14795.0,3463.0,29.0,63410.0,-16989.0,11594.0,4443.0,35935.0,638.0,64900.0,60410.0,5149.0,292453.0,-1117.0,39403.0,0.0,314.0,-23993.0,1074.0,2055.0,18253.0,23577.0,75299.0,10388.0,9486.0,7579.0,12780.0,0.0
14 - Net Borrowings,cashflow,-3000.0,5588000.0,16623000.0,-5000.0,0.0,0.0,0.0,0.0,2801.0,-145.0,0.0,4864.0,14669.0,-145.0,107889.0,-3333.0,0.0,0.0,0.0,0.0,0.0,0.0,0.0,0.0,-5612.0,0.0,481.0,3000.0,-43.0,0.0,0.0,0.0,0.0,0.0,0.0,0.0,0.0,0.0,-530.0,-1100.0,-3055.0,-2157.0,-21.0,2206.0,0.0,0.0,0.0,0.0,0.0,0.0,0.0,0.0,-179.0,-221.0,-330.0,30129.0,-120000.0,150000.0,0.0,0.0,5000.0,0.0,0.0,11229.0,2806.0,-81.0,-750.0,-2092.0,-175000.0,-375000.0,3398800.0,-55000.0,-224855.0,-17502.0,500046.0,487749.0,71000.0,3593000.0,1065000.0,-1129000.0,0.0,65.0,0.0,0.0,9271.0,-4454.0,-2206.0,-2709.0,11571.0,0.0,11364.0,-36.0,0.0,10000.0,0.0,5000.0,0.0,0.0,0.0,0.0,0.0,0.0,0.0,-18094.0,-815.0,-100.0,0.0,0.0
15 - Other Financing Activities,cashflow,-246000.0,35000.0,36000.0,-53000.0,0.0,0.0,-8629.0,0.0,0.0,0.0,0.0,0.0,0.0,-5000.0,-28180.0,-439.0,0.0,0.0,0.0,0.0,0.0,0.0,0.0,0.0,0.0,0.0,0.0,0.0,0.0,0.0,0.0,0.0,0.0,0.0,0.0,0.0,0.0,0.0,0.0,0.0,0.0,0.0,0.0,0.0,0.0,0.0,0.0,0.0,-166.0,0.0,-36.0,0.0,0.0,0.0,0.0,-246.0,0.0,0.0,0.0,0.0,0.0,0.0,0.0,0.0,0.0,0.0,0.0,0.0,-17900.0,-67700.0,-58800.0,0.0,-42489.0,-94301.0,-456.0,-270.0,-140000.0,-229000.0,-573000.0,-342000.0,0.0,0.0,21129.0,5521.0,0.0,0.0,0.0,0.0,-2767.0,-1774.0,-194.0,0.0,0.0,0.0,0.0,0.0,0.0,0.0,0.0,-6349.0,0.0,0.0,0.0,0.0,0.0,-173.0,0.0,0.0
16 - Net Cash Flows-Financing,cashflow,-5512000.0,-3928000.0,5752000.0,-3293000.0,8030.0,9924.0,40798.0,24358.0,28576.0,-249.0,58115.0,54318.0,80538.0,-2461.0,189580.0,52811.0,285110.0,169778.0,6373.0,335160.0,12213.0,49370.0,41674.0,5575.0,13075.0,37687.0,19981.0,52661.0,-136.0,28.0,19494.0,32157.0,6520.0,147843.0,235327.0,191.0,15672.0,0.0,69044.0,12003.0,45838.0,7612.0,-21.0,2206.0,162917.0,137110.0,408206.0,80982.0,37429.0,12739.0,28470.0,10055.0,5723.0,25424.0,625.0,114745.0,1124891.0,177832.0,616177.0,736465.0,42688.0,10975.0,610.0,41166.0,15841.0,4983.0,223.0,16734.0,-596600.0,-836200.0,2985100.0,7000.0,-293019.0,-127918.0,912469.0,513838.0,-6594000.0,-2599000.0,-3771000.0,-3274000.0,14795.0,3528.0,21158.0,68931.0,-7718.0,7140.0,2237.0,32117.0,8235.0,63126.0,71471.0,2633.0,292453.0,8628.0,39403.0,4915.0,314.0,-23993.0,1074.0,5332.0,18253.0,23577.0,75299.0,-7706.0,8671.0,7226.0,12780.0,0.0
17 - Effect of Exchange Rate,cashflow,29000.0,-338000.0,-300000.0,-577000.0,357.0,-51.0,-1348.0,-1486.0,-2242.0,189.0,2530.0,1851.0,362.0,-429.0,-184.0,600.0,0.0,0.0,0.0,0.0,0.0,0.0,0.0,0.0,0.0,0.0,0.0,0.0,0.0,0.0,0.0,0.0,0.0,0.0,0.0,0.0,-50.0,-130.0,122.0,0.0,718.0,503.0,0.0,-513.0,0.0,21.0,-9.0,-23.0,0.0,0.0,0.0,0.0,477.0,-235.0,-432.0,-533.0,0.0,0.0,0.0,0.0,0.0,0.0,0.0,0.0,74.0,-172.0,-2.0,-13.0,17700.0,-6600.0,-9000.0,-10000.0,0.0,0.0,0.0,0.0,0.0,0.0,0.0,0.0,0.0,0.0,0.0,0.0,504.0,81.0,2253.0,845.0,0.0,0.0,0.0,0.0,0.0,0.0,0.0,0.0,349.0,-138.0,-208.0,-184.0,0.0,0.0,0.0,0.0,0.0,0.0,0.0,0.0
18 - Net Cash Flow,cashflow,4203000.0,-3299000.0,51000.0,-1247000.0,-14219.0,-19451.0,6519.0,-8271.0,7562.0,-43785.0,37680.0,41195.0,-11261.0,-65255.0,110988.0,-1637.0,-58030.0,88990.0,57733.0,-57529.0,-34931.0,18454.0,26678.0,-1981.0,-12798.0,14355.0,-5787.0,38062.0,359.0,1838.0,-10319.0,30564.0,-50523.0,47333.0,74408.0,-9682.0,-5992.0,-34821.0,65593.0,6553.0,23300.0,24811.0,-12161.0,-3055.0,-29320.0,-90276.0,159697.0,23568.0,8008.0,-2634.0,6122.0,5265.0,-6912.0,-96.0,-45622.0,64069.0,451744.0,12722.0,105716.0,22010.0,-3687.0,6396.0,5423.0,26714.0,9428.0,-1763.0,-3074.0,8162.0,-381600.0,-44100.0,66100.0,414000.0,-82191.0,45600.0,109409.0,92310.0,559000.0,-903000.0,413000.0,-74000.0,3314.0,-11104.0,-23363.0,24011.0,-6760.0,6280.0,-1754.0,14241.0,-24614.0,-8710.0,-12578.0,-71975.0,29957.0,-452.0,29471.0,19378.0,28995.0,-6446.0,10551.0,36823.0,-18647.0,-26108.0,44312.0,-23307.0,-579.0,-3659.0,2789.0,-13774.0
